date,start_value,end_value,exact_pnl,delta_pnl,gamma_pnl,vega_pnl,theta_pnl,rho_pnl,explained_pnl,residual_pnl
2025-08-28,42225.852522387955,42192.60905299708,-33.24346939087263,-333.8001364998288,51.265787999698986,385.74854604292443,-141.93755872478891,1.3025824386043974,-37.42077874338988,4.177309352517248
2025-08-29,42305.85967159861,45241.65147812711,2935.7918065284975,-681.2013044554454,225.29015185496252,3327.0392771769907,-142.11954370421049,0.35104649704492097,2729.359627369342,206.43217915915557
2025-09-01,44948.02988921107,46876.764278893694,1928.7343896826205,-71.7385636582149,5.257837947297493,2136.837937575193,-151.97308976436622,-2.418432496514553,1915.9656896033948,12.76870007922571
2025-09-02,46970.02948730314,47545.64303379299,575.6135464898543,-492.4638041917738,449.3805578348478,730.214296151757,-159.39492932021548,-5.260810548495361,522.4753099261202,53.138236563734154
2025-09-03,46589.7453927068,47827.30931046542,1237.56391775862,-302.8924981615755,215.06481181452264,1419.2628667680144,-158.19022573652734,-2.158212350676971,1171.0867423337575,66.47717542486248
2025-09-04,47222.68174058232,47206.54555838047,-16.13618220184435,-67.58654285608638,19.022674148588695,202.71158627438368,-160.7371343449558,-8.148630188441663,-14.738046966511453,-1.3981352353328962
2025-09-05,47180.77291734793,46181.03972350618,-999.7331938417483,422.9990332474056,778.1248185814063,-2315.7382122420286,-160.4896398317458,4.038275158181936,-1271.0657250867805,271.3325312450322
2025-09-08,46310.18967503744,46260.175985452704,-50.01368958473904,67.76673250865596,8.020057697731307,33.0902023799711,-156.8653670536236,-3.2229651290188515,-51.211339596284084,1.1976500115450435
2025-09-09,46484.539405723604,46047.26337944601,-437.2760262775919,-240.19072303313504,99.4437363845621,-134.9341271263468,-157.3752548755791,1.7982193794076349,-431.2581492710912,-6.017877006500669
2025-09-10,45842.91600898429,46334.298679142434,491.382670158142,-372.02062924419187,233.82725866635488,738.9417045285993,-155.21040387584597,2.45376088733156,447.99169096224796,43.39097919589403
2025-09-11,45798.55266330637,45332.265892523326,-466.28677078304463,145.3745841716535,47.22780573352269,-521.0993291057271,-155.3660109742296,-4.902552982494332,-488.7655031572748,22.478732374230162
2025-09-12,45622.60187478484,46657.366344187685,1034.7644694028422,239.62306825115158,103.42544368297759,886.6660972419874,-154.47760413249082,-5.178804321625756,1070.058200722,-35.293731319157814
2025-09-15,47029.99425917767,50415.55377172589,3385.5595125482214,-526.2640424476717,645.4720722216188,3177.184460698795,-159.38595744529914,-5.752373106761938,3131.2541599206816,254.30535262753983
2025-09-16,48780.76531377919,51477.39861653994,2696.633302760747,-168.9241435691619,302.7542453775447,2594.0746398770802,-166.1983643981608,2.639732057090592,2564.3461093443925,132.2871934163545
2025-09-17,50332.6227617549,50912.86699081024,580.2442290553372,-7.040999390848234,40.56950064644459,713.6416724756326,-172.3549050682954,-2.8412428209413085,571.9740258419922,8.270203213344985
2025-09-18,50647.19401890494,52383.876137170024,1736.682118265082,22.444685306224144,474.07279661354215,1325.6633584464303,-173.61198194223084,4.057397467278951,1652.6262558912447,84.05586237383727
2025-09-19,50582.63090759743,49151.40472625705,-1431.2261813403748,-1.3982341024689742,0.07441901894907088,-1264.6275919918176,-173.84844376724888,2.496398723614687,-1437.3034521189718,6.07727077859704
2025-09-22,49338.193789318655,45913.30230788141,-3424.8914814372474,-39.56628635461209,922.3544712604546,-4734.474566735102,-169.22052268086554,-4.671704795560314,-4025.578609305685,600.6871278684375
2025-09-23,46308.67701313006,45923.703670908464,-384.97334222159407,-33.80504343435133,4.949346332105137,-195.93977558915176,-157.29968364885895,-0.6490888307203214,-382.7442451709772,-2.229097050616872
2025-09-24,45992.73313700883,45224.78159812617,-767.9515388826621,159.20617542406058,100.00248415005633,-914.1862327762535,-156.15073776365466,-4.125941989626969,-815.2542529554183,47.3027140727562
2025-09-25,45599.83750287692,45390.80907874588,-209.02842413104372,-210.84866611259628,115.15542045748403,40.8465142756828,-154.43656874916857,0.5222449799802751,-208.76105514861774,-0.2673689824259782
2025-09-26,45080.719026669314,43137.71693658046,-1943.0020900888558,-51.029579066565034,6.960105912000248,-1744.5542591687508,-152.7036513203844,10.980819448477556,-1930.3465641952223,-12.655525893633467
2025-09-29,43215.25062540135,41011.99467059751,-2203.2559548038407,-67.36822218168776,7.054926341654228,-1979.0508367070852,-146.08362907697295,-5.627470293392438,-2191.075231917484,-12.180722886356762
2025-09-30,41113.798433057156,39446.474928045194,-1667.323505011962,-272.5460735344237,64.17937590907403,-1274.8511794870662,-138.19298123884033,-0.8601437175979113,-1622.2710020688542,-45.05250294310781
2025-10-01,39488.39366226834,40707.72552411911,1219.3318618507692,115.10027645290366,8.423932727852531,1247.303262636577,-132.28145173669748,0.24961413566424223,1238.7956342162997,-19.46377236553053
2025-10-02,40867.58201998671,42282.933061939286,1415.3510419525774,9.845491229819773,0.08394553543617204,1553.3571538982592,-137.3592550477533,-3.296500116516655,1422.6308354992452,-7.279793546667861
2025-10-03,42431.597873718565,43028.474696906225,596.8768231876602,17.744880886075087,0.4009938275402368,733.7878754528717,-142.92391478326897,-7.305451700728512,601.7043836824895,-4.827560494829299
2025-10-06,43188.19680390817,44089.15610713385,900.9593032256817,-217.05403930568713,70.73838705589787,1154.1156479197848,-145.45008347086534,2.679152697394652,865.0290648965248,35.93023832915685
2025-10-07,43921.68099067546,43255.54544576361,-666.1355449118491,376.6246035465231,323.85108489770244,-1332.685975378447,-148.3823007997291,2.0539835442305003,-778.5386041897201,112.40305927787097
2025-10-08,43482.86776882739,41585.8499569629,-1897.0178118644908,113.81677191657764,18.691155238597332,-1935.7562949485311,-146.51447503214783,4.535490889162889,-1945.2273519363412,48.20954007185037
2025-10-09,41756.964040279345,43670.730046611454,1913.766006332109,151.82520814654316,19.91533134408687,1921.5520091894878,-140.2210684203034,1.0260018146786904,1954.097482074493,-40.33147574238387
2025-10-10,43899.4651329123,43028.051814114806,-871.4133187974949,286.58544655500657,122.08235605370568,-1202.1795394264536,-148.1191378624352,2.398874978034644,-939.2319997021419,67.81868090464707
2025-10-13,43231.12372372174,43477.6077948452,246.4840711234574,-182.56879902126573,35.14851470241478,529.0538983949638,-145.5494928899063,0.6090071092755129,236.69312829548207,9.790942827975329
2025-10-14,43475.51616361973,43053.44518287808,-422.0709807416497,-141.5554571738329,24.734334785400183,-158.94575518560202,-146.5694252226035,3.7480556348097074,-418.5882471618286,-3.482733579821115
2025-10-15,43080.693022533174,41171.06382768986,-1909.6291948433136,89.78979264738676,9.831077042770673,-1904.7863808629797,-145.32226613897578,2.1943040944809957,-1948.2934732173171,38.664278374003516
2025-10-16,41324.5031091304,41074.455030984296,-250.04807814610103,739.8893664538195,410.98704003190306,-1436.4011596938587,-138.87684801242253,-2.81245539814349,-427.2140566187022,177.16597847260118
2025-10-17,40767.41351262077,41507.64613801728,740.2326253965075,413.35663357982344,87.62642202103315,388.0351840229689,-136.31990349332068,0.37204761816070325,753.0703837486654,-12.837758352157948
2025-10-20,41561.17932010948,44620.153628743494,3058.974308634017,-1312.9670831783187,921.8259284458019,3166.3805618594715,-138.89929458835462,0.00756299140774377,2636.3476755300076,422.6266331040092
2025-10-21,43308.54231751738,41402.42856382923,-1906.1137536881506,158.40168256231752,29.4902964396716,-2015.5874112754975,-145.77899224845817,-0.03570960387939807,-1973.5101341258462,67.3963804376956
2025-10-22,41547.55106342054,39658.45874335703,-1889.0923200635152,-387.0843038620374,104.71510093676946,-1404.6424523920462,-139.2101034769449,0.33606507381979905,-1825.8856937204391,-63.206626343076096
2025-10-23,39700.536524056966,40977.341282451285,1276.804758394319,413.4578872879195,89.01456463817092,953.8354173131795,-132.6147899371451,0.07597390962001714,1323.769053211745,-46.96429481742598
2025-10-24,41065.72960877521,42057.63289993488,991.903291159666,34.43948954800852,0.750298288130935,1100.6386615595575,-137.4505652997314,0.2703065927425735,998.6481906887082,-6.744899529042186
2025-10-27,42208.01350478231,40312.53313788389,-1895.480366898424,287.7501110212978,68.29669430037984,-2222.3398622328345,-141.6751664189032,0.8384857698322289,-2007.1297375602278,111.64937066180369
2025-10-28,40352.99045881769,41470.61125624647,1117.6207974287827,-1029.1407672754565,528.3173038430598,1588.113605711788,-134.7992254270141,0.43247207335914306,952.9233889257364,164.6974085030463
2025-10-29,40924.459367194475,42432.76741698288,1508.3080497884075,300.44418999795164,63.99499040860774,1333.7197589821528,-137.08414412247842,0.832984999726844,1561.9077802659608,-53.599730477553294
2025-10-30,42631.571455081445,41987.10930349364,-644.4621515878025,11.023568994574976,0.12106855712576231,-515.3747942116448,-143.32646615087396,0.3126450521097606,-647.2439777587082,2.781826170905674
2025-10-31,42132.970454128445,41805.015761424336,-327.9546927041083,-151.8522054244737,20.157620948843608,-55.6567498369842,-141.4981885091987,2.431493622267544,-326.41802919954546,-1.5366635045628527
2025-11-03,41872.183071368716,42370.5637448477,498.3806734789832,-318.42256621733685,89.9876298108591,839.9173516774317,-140.73827704296698,-0.7711092599254586,469.97302896806156,28.40764451092167
2025-11-04,42266.23278383292,42614.7359212909,348.5031374579776,-103.16018829235205,11.823280901830422,572.1255053587648,-142.2916860688226,3.1883978628747798,341.68530976229545,6.817827695682126
2025-11-05,42677.919110844494,41900.7880916383,-777.1310192061937,212.15021807345502,60.793885129659316,-947.8836572588486,-143.99508340008614,5.541926255741479,-813.392711200079,36.26169199388528
2025-11-06,42101.94680772197,43076.57613466325,974.6293269412781,-127.15677841222512,17.146954231816153,1205.3414871644934,-141.9355194061204,2.465549655150051,955.8616932331141,18.767633708164
2025-11-07,43113.62750570302,42406.68727000845,-706.940235694572,48.854972664249296,3.700806512946148,-623.1719355814877,-145.8493442957322,1.4508008656589746,-715.0146998343655,8.074464139793463
2025-11-10,42584.19280601776,41762.91678664887,-821.2760193688882,-26.99526891683846,0.9418968645839148,-653.2845258257173,-143.90458178566635,3.1249553136383743,-820.1175243499998,-1.1584950188884022
2025-11-11,41888.47009117814,40934.218181158634,-954.2519100195059,-480.1132331700226,253.30896616656455,-541.3785622327681,-141.45832579257248,-4.585374637129261,-914.226529665928,-40.02538035357793
2025-11-12,40614.823706176125,40524.84395799322,-89.97974818290822,106.03058458365489,10.480113409243332,-72.04666196761254,-136.79538549195848,-0.6076792009426545,-92.93902866761546,2.959280484707236
2025-11-13,40688.00950930705,42230.97047193609,1542.9609626290403,269.3808255591837,65.72686941964172,1399.396975981405,-136.98511456433877,0.10340647835742708,1597.6229628742487,-54.662000245208446
2025-11-14,42467.92685881005,43008.73433265874,540.8074738486903,-106.34933041390607,15.03884736941715,767.4651502846771,-143.44609317561316,-0.21194984670937456,532.4966242178657,8.310849630824578
2025-11-17,43047.44013189862,43508.1342721025,460.6941402038792,183.10158701857065,56.783108029726215,378.8989693567304,-145.6442288863939,-2.0777580048193585,471.061677513814,-10.36753730993479
2025-11-18,43796.023565094816,44064.72447592627,268.70091083145235,-97.03984113295174,17.690575843575022,490.3805057685532,-148.23769828691815,0.8689247597870936,263.6624669520454,5.038443879406941
2025-11-19,44075.81508816393,43655.91781222359,-419.8972759403405,113.38044366976615,29.008077698824376,-423.44119658631297,-149.3669945480639,-5.440647719159526,-435.8603174849459,15.963041544605403
2025-11-20,43916.998777075445,41400.74047977096,-2516.2582973044846,8.092182569367306,0.12220727017311045,-2394.3926481702574,-148.55406115314645,0.36820893303723407,-2534.3641105508264,18.105813246341768
2025-11-21,41545.186471220615,40579.643693048536,-965.5427781720791,305.9574037372978,86.53928637109935,-1288.434675356892,-139.79089911892618,0.534525367746157,-1035.1943589996747,69.65158082759558
2025-11-24,40672.52046239954,38464.01451831432,-2208.50594408522,54.54515294960369,1.993369939160927,-2161.210859050849,-136.4717429690049,-0.6647035028279588,-2241.808782633918,33.302838548697764
2025-11-25,38577.60011076801,37599.940491938345,-977.659618829668,462.92483169731827,89.23550970811708,-1498.2280553966123,-128.70013954662437,-0.26807455815352926,-1075.035928095955,97.37630926628685
2025-11-26,37450.12402215605,37091.95100274225,-358.1730194137999,-144.03976402774742,6.4412936131376055,-89.497149936783,-124.50320495983514,-5.152478544536122,-356.7513038557641,-1.421715558035828
2025-11-27,37258.45495364741,37050.44559429131,-208.00935935609596,-285.47985932817414,25.502874986445182,176.17317576835086,-123.99955158347053,-5.67745643499217,-213.48081659184078,5.471457235744822
2025-11-28,37236.39489235889,36344.45723629989,-891.9376560590026,608.398836688246,123.2319895587855,-1628.9588059059006,-124.15714931491368,-0.7326235464780659,-1022.2177525202609,130.28009646125827
2025-12-01,36016.35815557977,36273.74523342013,257.38707784035796,-184.7738558945325,8.412738932645775,546.3424654297617,-119.64016552478924,0.5554438922298682,250.89662683531554,6.4904510050424165
2025-12-02,36458.151679411014,36625.99054330176,167.83886389074905,-319.87493663582103,27.771088423299457,563.584045255856,-121.2560104236323,9.190861277532813,159.41504789723496,8.423815993514097
2025-12-03,36833.940254210174,37321.49813103613,487.5578768259584,621.0607682705249,113.11517808674785,-127.41208984127836,-122.45778757502751,-4.22526351347485,480.0808054274921,7.477071398466251
2025-12-04,37099.40634006728,36576.978514140916,-522.4278259263665,102.24391974178994,3.0094924922897786,-509.7401872931554,-123.41770456693838,-2.2518248105083014,-530.1563044365223,7.72847851015581
2025-12-05,36651.59685032534,36609.00568101536,-42.591169309976976,549.2425937109228,79.85115045279511,-585.9144172017478,-121.83776237082934,-2.372399957217079,-81.03083536607632,38.43966605609934
2025-12-08,36386.11278456687,36287.352064777726,-98.76071978914115,1397.9580826322222,466.616465576363,-2234.8996991972685,-120.83892528111981,8.70951166208275,-482.45456460772044,383.6938448185793
2025-12-09,34904.901597740514,35483.340201906816,578.438604166302,-849.8946309570509,115.43381585501051,1336.6902202826573,-115.16879236472833,-2.4462333062636503,484.6143795096248,93.82422465667713
2025-12-10,35875.56263624613,35877.88721836856,2.3245821224263636,37.68494230953681,0.2836658500586457,84.7879097204922,-118.75490641237909,-1.0712910107837204,2.9303204569248367,-0.605738334498473
2025-12-11,35977.893328476945,38532.95684404303,2555.0635155660857,2146.7802828422246,934.5573979585746,-461.0781033496686,-119.13255755804877,3.3783423436388964,2504.505362236721,50.55815332936481
2025-12-12,36575.29798595734,38054.15583534997,1478.8578493926325,487.8938592318355,43.27661527995166,1142.1494497342471,-120.93185106465027,-22.249736984855158,1530.1383361965286,-51.28048680389611
2025-12-15,37938.92288586886,38544.79602217442,605.8731363055631,-10.927940984071794,0.02681699584553396,739.0056933067976,-126.07239662578594,6.19783480522221,608.2300074980077,-2.3568711924446006
2025-12-16,38677.98440558257,40982.389540454555,2304.4051348719877,171.5297639585799,7.350267584424112,2288.1695391593166,-128.62683194123878,0.41652259932364327,2338.8392613604055,-34.43412648841786
2025-12-17,41082.98290289496,39167.19530756674,-1915.78759532822,220.49126760155445,18.02414392796189,-2089.326109395705,-137.3266027390691,1.2269065819404659,-1986.9103940233172,71.12279869509712
2025-12-18,39168.91117297231,38632.141031777166,-536.7701411951421,329.3435885677249,27.645332270002786,-783.1398729067021,-130.2469288684246,-7.66828360808571,-564.0661645454848,27.296023350342693
2025-12-19,38573.7128370563,38203.820995285816,-369.89184177048446,-307.9908817073727,21.640600989617365,42.14658802739044,-128.22071505981825,5.9949885654148325,-366.42941918476834,-3.4624225857161264
2025-12-22,38449.67743946695,39935.80090981269,1486.1234703457449,340.02488759669694,26.307226759251588,1282.9054192341032,-127.70518131697878,4.175841559772105,1525.7081938328452,-39.58472348710029
2025-12-23,39934.43065031686,39297.34490298244,-637.0857473344222,-689.7594887034531,131.74306473562808,53.88432005921039,-132.9371161957109,9.72947371341622,-627.3397463909093,-9.746000943512854
2025-12-24,39549.70196846301,38554.959463067906,-994.742505395101,-382.5569330119246,39.987198888424835,-501.4307026170385,-131.40257280262858,-0.12503820366209206,-975.5280477468291,-19.214457648271946
2025-12-25,38805.489623457564,37913.01499807035,-892.4746253872145,-968.2366864795717,237.18963812607936,-30.310968097733937,-128.78676193799328,6.032019964670032,-884.1127584245497,-8.361866962664749
2025-12-26,38195.48605207419,38816.78336952284,621.2973174486469,124.37344663467145,3.886789553898744,623.7431585119454,-126.61739861908036,4.1567152753562695,629.5427113567914,-8.245393908144479
2025-12-29,38899.115663552206,39080.30737270788,181.1917091556752,168.61299305474174,7.833616651363946,135.49478181252414,-129.042792672378,-0.12357250700789585,182.7750263392439,-1.5833171835687097
2025-12-30,39143.44083374816,39754.24377719073,610.8029434425698,-488.42974355024813,67.12335429260739,1115.5439981800212,-129.89744900470012,-6.687635969916694,557.6525239477637,53.1504194948061
2025-12-31,39928.106070932,41034.22048537042,1106.1144144384161,42.966157048117076,0.6545660864279756,1201.6649569153628,-133.037799484972,2.0776732009319745,1114.3255537658677,-8.21113932745152
2026-01-01,41166.63680560352,40591.38916990222,-575.2476357013002,238.93071551594198,25.048670556846474,-727.571105436674,-137.44134197295654,0.0261746023678981,-601.0068867344743,25.75925103317411
2026-01-02,40648.68755243463,41152.66465786814,503.97710543350695,-194.61160224400948,14.380070668054712,808.24733249558,-135.48236777271612,2.737423633291061,495.27085678020023,8.706248653306716
2026-01-05,41299.07757612066,41855.0845709526,556.006994831936,-124.21853170371088,6.696126728239342,804.2997804996045,-137.73073213468837,0.0701111625192417,549.1167545519638,6.890240279972204
2026-01-06,41991.80799150877,41139.69314621349,-852.1148452952839,437.78652190640594,97.77518128453491,-1322.9832235178542,-140.28971725961438,-0.09849323947973218,-927.8097308260074,75.69488553072347
2026-01-07,41089.45243434353,40310.30258457074,-779.1498497727953,392.1574817116914,61.20408546909433,-1157.6166436348824,-137.01787274668106,0.16029439273794172,-841.1126548080399,61.96280503524463
2026-01-08,40253.32074598561,40504.06126329652,250.7405173109073,-592.878358346225,112.15058449676133,824.1404200750724,-133.86234319369518,0.32497163696014025,209.87527466887363,40.86524264203368
2026-01-09,40642.85175324198,41515.66111256018,872.8093593181984,-35.65687965084089,0.4748243007291574,1042.169811126763,-135.39947940282622,0.8522400667518597,872.4405164405771,0.3688428776213186
2026-01-12,41657.75312686052,42105.8443630032,448.09123614267446,-187.09085931204564,15.848546385761576,748.5178998638241,-139.0595787720387,0.4702156882520788,438.6862238537535,9.405012288920943
2026-01-13,42232.6664274657,42090.176920378195,-142.48950708750635,416.5004439687673,90.63706421398372,-541.4130306652419,-141.14083977349,-0.0005131079050958586,-175.416875363886,32.92736827637964
2026-01-14,42106.443602440006,42761.82564364574,655.3820412057321,-178.04703241807468,14.698746269350599,942.950882066857,-140.54536496333856,-0.8448556746043155,638.21237528019,17.169665925542063
2026-01-15,42881.045462589536,43692.462400205906,811.41693761637,737.8341305405766,315.83395088332145,-98.55848896286035,-143.62358270049558,0.6934953774630648,812.1795051380051,-0.7625675216351055
2026-01-16,43578.50422184681,44623.46991743306,1044.965695586252,-156.88365267294483,14.023333298318326,1316.210125179825,-146.0699598336072,-0.03682769058840511,1027.243018281003,17.722677305248908
2026-01-19,44722.731590565585,45353.862603788984,631.1310132233993,363.13697279090627,100.43103649196178,331.98234625004983,-150.3241446087366,-0.16411107152684007,645.0620998526545,-13.931086629255105
2026-01-20,45530.13647291259,44945.57208224606,-584.5643906665355,-375.27756857168606,114.47019732302024,-155.34825573192973,-153.13554234163183,-2.407078462202719,-571.6982477844301,-12.86614288210535
2026-01-21,44862.0511289517,44580.96058440923,-281.09054454247234,253.7773977049638,49.95646350932106,-454.2209979670531,-150.70622707234625,-0.32246735477904903,-301.51583117989355,20.42528663742121
2026-01-22,44739.37757911413,45212.536628408074,473.1590492939431,-331.12273650764774,75.90233820487475,856.6123097389062,-150.1276438871592,-1.5528670009249832,449.711400548049,23.44764874589407
2026-01-23,45178.61796164994,45424.483699653356,245.86573800341284,375.06084640397546,117.10383665679043,-103.32879674406853,-151.7542958004799,-0.6078001764102352,236.47379033980727,9.391947663605578
2026-01-26,45593.11403962769,44013.37319872081,-1579.7408409068812,-237.07933147149924,44.89788641037815,-1202.505540025715,-153.0800024661385,0.7577954705017605,-1547.0091920824727,-32.73164882440847
2026-01-27,44078.66325991031,44553.793847023175,475.1305871128643,-332.93778861411715,68.7673580793786,868.1378191759852,-147.65658700885984,-1.8175281298215757,454.4932735025652,20.63731361029909
2026-01-28,44555.22250343126,45255.26537283181,700.0428694005532,-267.5875624188487,52.43338087383585,1037.0348252239073,-149.32024157724797,0.08958372472772731,672.6499858263743,27.39288357417888
2026-01-29,45243.49107820964,47069.55523673826,1826.0641585286212,-325.1219801230538,99.90230315266886,2123.9632822630983,-151.97170926957304,0.18769827887337065,1746.9595943020138,79.10456422660741
2026-01-30,46862.29843950833,46911.55584101469,49.25740150635829,-147.694977649889,37.750482451058616,314.70235330785397,-158.12015661249546,-0.8738557126474856,45.763845783880626,3.493555722477666
2026-02-02,46854.43241525785,44306.818797517684,-2547.613617740164,560.4655341673244,602.3561060711545,-4077.048129874657,-158.17209173291832,-4.6147325855644805,-3077.0133139546615,529.3996962144975
2026-02-03,43967.87789964499,44281.643185537454,313.765285892463,17.070246721026077,0.18056016238322986,445.66956135775956,-147.01768234245512,0.24974896464593024,316.1524348633597,-2.3871489708967033
2026-02-04,44434.01677110429,43124.78764620892,-1309.2291248953698,-96.07146931083601,6.329279522985155,-1061.459815098773,-148.74982452820453,-0.36532627400517215,-1300.3171556888335,-8.911969206536241
2026-02-05,43258.53562034649,44768.85954239848,1510.32392205199,-50.93671914636209,1.4161772698617872,1696.8039966741312,-144.4493281572539,0.24530054738569332,1503.0794271877628,7.244494864227136
2026-02-06,44904.45063070691,43586.30734903239,-1318.1432816745219,-41.14396508637558,1.3591816345960632,-1125.7983159693138,-150.57599614335402,-0.952707116456764,-1317.1118026809042,-1.0314789936176112
2026-02-09,43725.272982756316,41787.39363906219,-1937.8793436941269,61.27094750210936,2.3246954037160243,-1878.8445780513723,-146.21058866266432,2.139020116746776,-1959.3205036914646,21.441159997337763
2026-02-10,41916.66597138621,41898.9292119369,-17.73675944931165,-468.6345251932962,95.98972989625274,474.2067886121188,-139.8122908990769,-0.5172884994412036,-38.767586083442744,21.030826634131095
2026-02-11,41964.059376089266,42048.435686774654,84.37631068538758,-380.52530850366196,70.87705113419116,516.169410840254,-140.19035812034545,-0.13414591311825733,66.19664943731954,18.179661248068044
2026-02-12,42109.142087843815,42229.278632538175,120.13654469436005,185.56686438873749,19.0575233949196,56.30226100152498,-140.89413320936137,0.0471016446430777,120.07961722046377,0.05692747389628039
2026-02-13,42358.797473994186,41403.09063927275,-955.7068347214372,362.9613883798679,73.64805779989663,-1320.2134475731718,-141.76588176629258,0.14132151768782306,-1025.228561642012,69.52172692057479
2026-02-16,41409.81918832157,42077.382225482106,667.5630371605366,1256.3935369237033,674.328629575101,-1324.6763548950828,-138.2184481733463,1.022135491714602,468.8494989220897,198.71353823844692
2026-02-17,41158.68600585759,42070.99602314265,912.3100172850609,698.4063680348847,156.5210159042355,202.59427071341833,-136.85548791221484,1.9574762649930189,922.6236430053167,-10.3136257202558
2026-02-18,41878.64404320395,38245.98975085435,-3632.6542923496017,130.0403545018536,5.4956306809302715,-3714.7149226815054,-139.23069056152391,-2.3269116667835843,-3720.7365397270287,88.08224737742694
2026-02-19,38270.85000308584,38235.026799768835,-35.82320331700612,-31.88316141701987,0.18402027843379068,121.00684746666825,-126.29616888329758,1.8548503533959007,-35.13361220181952,-0.6895911151866017
2026-02-20,38378.15319631772,37031.05054248663,-1347.1026538310907,-813.7208946278819,121.75817041234636,-498.3957946009217,-126.6577302794871,10.232066574150382,-1306.784182521794,-40.31847130929668
2026-02-23,37496.119011476265,38154.50613009202,658.3871186157558,264.30126513924625,11.850495703184206,522.2771783389844,-123.4741233847851,-4.382797072650783,670.572018723979,-12.184900108223246
2026-02-24,38138.82148003194,38607.27071741571,468.4492373837711,273.65104272077,13.793808112167396,316.08827179180093,-125.78860174340774,-2.033419311839441,475.7111015694911,-7.261864185720015
2026-02-25,38588.97180387221,38036.46122813193,-552.5105757402853,-86.88881083523903,1.4593546118849237,-341.1342974272768,-127.39042982399016,3.6113592170884274,-550.3428242575327,-2.1677514827525783
2026-02-26,38207.95091709182,37994.57846231888,-213.37245477293618,86.15275404508529,1.355065478010349,-166.81794728518074,-125.98459917447549,-9.470569852426632,-214.76529678898723,1.3928420160510484
2026-02-27,38073.49178064409,38404.10135290512,330.6095722610262,1628.8049193491065,479.0975557240201,-1982.5215516156234,-125.62761930019717,-0.4040986663746485,-0.6507945090687575,331.26036677009495
2026-03-02,36846.885050872595,36068.43672699646,-778.4483238761386,-156.08234276895146,3.2271127414134546,-512.6208926387923,-121.08363275905772,13.543287761623972,-773.016467663764,-5.431856212374555
2026-03-03,36290.25780510389,35589.4292388131,-700.8285662907874,76.52466385570614,0.7136822142104283,-690.7792549629464,-119.0194851317759,20.209459291252248,-712.3509347335535,11.522368442766037
2026-03-04,35650.5469301448,37193.99980526397,1543.4528751191683,-796.7665998075836,69.03888427794355,2254.5099227945343,-116.62044317599135,-11.198887918914355,1398.9628761699885,144.48999894917984
2026-03-05,37629.89940355625,38198.11068641581,568.2112828595564,398.0197410916006,24.08286990793037,264.88863614962264,-123.71573754676437,10.692981713965992,573.9684913163553,-5.757208456798935
2026-03-06,38078.09475799922,38215.951387147,137.8566291477764,-9.666105637774827,0.014499222272266424,282.79395570823414,-125.14168118202522,-9.676856450440557,138.3238116602658,-0.46718251248938714
2026-03-09,38347.63050672925,38867.01951227776,519.3890055485099,452.14557715154,33.48186349847119,143.15630092054647,-126.21188539232236,16.161953209043514,518.7338093872787,0.6551961612311743
2026-03-10,38714.919211295855,37384.74600875678,-1330.1732025390738,38.39384242878019,0.23975301468350435,-1260.3300148809733,-127.26215161916873,4.699040208336669,-1344.2595308483415,14.086328309267628
2026-03-11,37481.585421700715,37963.71565498918,482.1302332884661,390.3741679309353,20.567193242974763,199.95171000781122,-122.83901457305515,-0.7838504822457762,487.2702061264204,-5.1399728379543035
2026-03-12,37837.97133021959,38439.759087644576,601.7877574249869,-1895.795824244545,497.30530625192,1849.54438093572,-124.0635320469213,-2.675469587353749,324.31486130882,277.4728961161669
2026-03-13,38880.17047214607,40796.92332093834,1916.7528487922682,1740.2057702665631,561.1429410118785,-295.0757372244212,-127.99711894130198,4.26747126046981,1882.5433263731882,34.20952241908003
2026-03-16,39460.96963053338,38816.083583507345,-644.8860470260333,-821.2032777376864,116.06488528531308,176.4320161091376,-129.76397104202883,11.663396449792147,-646.8069509354725,1.9209039094391755
2026-03-17,39247.721683900425,38220.9564620809,-1026.7652218195217,568.3628723739286,56.61393193329753,-1635.1910178106318,-128.95561030893487,4.923439007072814,-1134.2463848052678,107.4811629857461
2026-03-18,37893.98952639987,38522.91596733962,628.926440939751,-332.1620518768514,15.05359809662754,1037.2330744589349,-124.02646153017011,11.7731322787679,607.8712914273087,21.055149512442313
2026-03-19,38804.5560640474,39548.614465653925,744.0584016065259,178.0753990677175,4.970344009427595,690.2043304917923,-127.15909081406264,8.735750117573582,754.8267328724485,-10.768331265922598
2026-03-20,39586.41526320988,39857.41050250431,270.9952392944324,175.27087952246552,5.2521658626763355,215.45773685020947,-129.80514094943655,7.134512455116939,273.31015374103174,-2.314914446599346
2026-03-23,39895.313433009935,41016.91487638778,1121.6014433778473,1499.7297636518356,391.73233431393345,-776.768511894991,-130.78189686853707,15.094219865830173,999.0059090680712,122.5955343097761
2026-03-24,39873.55147303128,39421.70978197688,-451.8416910543965,-94.54470837951543,1.3339159528782785,-236.49896196032606,-130.29580015007767,10.035760777672582,-449.9697937593683,-1.871897295028191
2026-03-25,39604.98249424875,41246.48062255416,1641.4981283054149,-1795.9755068807017,460.30586627559455,2738.4442172365953,-129.24671170749136,1.5388865298905186,1275.0667514538873,366.4313768515276
2026-03-26,41517.52147535805,41547.24866605513,29.727190697078186,-970.5001309024133,204.23422982443822,865.1561637275522,-136.243502430431,2.195803226889258,-35.15743655396458,64.88462725104276
2026-03-27,41795.79164429426,40888.93670018634,-906.8549441079158,1464.1942156858347,536.9398830192168,-3303.773945605879,-137.37002775029254,-5.257766721684092,-1445.2676413728038,538.412697264888
2026-03-30,39391.73400357361,40566.83816369428,1175.104160120667,669.1837535616515,67.46758304763998,616.4479708437067,-128.68328936452016,-12.85202900518427,1211.563989083294,-36.45982896262694
2026-03-31,40306.43427381488,43040.19315624633,2733.7588824314516,-1413.6256392188457,332.0700152282227,3567.513658694425,-131.9865875790467,-1.931458288083883,2352.0399888366715,381.7188935947802
2026-04-01,43148.66932920887,43391.968646869755,243.29931766088703,778.9213498074047,178.23015679703198,-626.531885440383,-142.40431899731604,0.24206856689746095,188.45737073363512,54.84194692725191
2026-04-02,43087.24059093594,43807.780733969026,720.5401430330894,-228.80900845824388,13.684467181430431,1060.51999727313,-141.99805169891286,-0.9318395226312122,702.4655647747725,18.074578258316933
2026-04-03,43989.29591642135,45994.56473566205,2005.2688192406931,-1783.2815313120468,995.6073494399874,2536.2779269482317,-145.331903567555,-0.2496713955199613,1603.0221701130974,402.2466491275957
2026-04-06,45077.11175287145,46580.24678177922,1503.1350289077673,-320.62919030442794,52.434482551461976,1870.236973733324,-149.75107967355177,-0.5007206478286558,1451.7904656589774,51.34456324878988
2026-04-07,46596.32724027205,47884.93962251466,1288.6123822426161,-49.028432440921684,1.7921343076765626,1487.6201416160761,-155.28859007150706,-0.8066670368310835,1284.2885863744928,4.323795868123398
2026-04-08,48016.79611342073,47740.291219479855,-276.50489394087344,-123.47200962582433,16.10613770624237,-14.17970310526631,-160.47958181855523,5.749184108734146,-276.2759727346694,-0.2289212062040633
2026-04-09,47799.34842536818,48936.215448538685,1136.8670231705037,-289.8539670829641,92.15151316676378,1452.6595921651044,-159.9459199245764,-3.005140908265688,1092.006077416062,44.86094575444167
2026-04-10,48736.63421034538,47311.633180185985,-1425.0010301593938,310.12865697125216,156.24695975724973,-1844.1816800927643,-163.4642349323503,-3.7880731493747146,-1545.0583714459874,120.05734128659356
2026-04-13,47544.252362340776,48407.66074153184,863.4083791910671,169.11552606568569,27.229524408931418,845.6134414160883,-158.75988804598825,-0.3195365331084234,882.8790673116087,-19.47068812054158
2026-04-14,48663.22504592806,49300.31350167257,637.0884557445097,100.00624247380071,11.713951119420658,700.0059113299137,-162.76965224470035,-1.2088794948629917,647.7475731835717,-10.659117439062015
2026-04-15,49546.14948849143,47216.52845702649,-2329.621031464936,-12.346283064642849,0.2135635736569275,-2161.155083661796,-165.9201880555179,2.043790824900281,-2337.1642003833995,7.54316891846338
2026-04-16,47367.54443981769,46416.83954776375,-950.7048920539382,182.63907694020526,27.348684791506333,-1035.1822820587213,-157.97738885605062,-1.3877605371995982,-984.55966972026,33.85477766632175
2026-04-17,46591.898155592,46528.89765116194,-63.0005044300633,-630.9628033829163,255.6193750044975,434.39343723580026,-154.9881449492052,0.6907828192219218,-95.24735327260179,32.24684884253848
2026-04-20,46234.86359291531,44616.15831844689,-1618.7052744684188,453.82528484729073,148.85410539293957,-2223.4860847996947,-153.99166014141977,0.05755658416083813,-1774.7407981167232,156.03552364830443
2026-04-21,44591.98941521272,44832.84609346998,240.85667825725977,-233.84204048146668,24.698840457059646,589.6817148256974,-147.80469371494618,0.15458238419478365,232.88840347053898,7.968274786720798
2026-04-22,44949.54929989622,46307.7025459023,1358.153246006077,-423.07418903821844,89.65319075927694,1771.112302748174,-149.07289652388383,-0.06466178566844773,1288.55374615968,69.59949984639707
2026-04-23,46262.77926452104,47546.50060904864,1283.7213445275993,-598.9714348498733,261.94350174414683,1668.2267831573513,-153.9990217703554,-0.23196758609480908,1176.967860695175,106.75348383242431
2026-04-24,47103.135716579214,46873.05015217772,-230.0855644014955,14.264718989057291,0.22505288873117357,-82.77754975750847,-157.33957697353887,-5.369469430016397,-230.99682428327526,0.9112598817797561
2026-04-27,47039.721361351374,44299.83295861026,-2739.8884027411113,-167.71997239240028,29.429136452227265,-2400.981346963286,-156.92150846273736,0.5949588636711891,-2695.598732502525,-44.289670238586496
2026-04-28,44380.12692466755,44347.48618758534,-32.64073708221258,213.68692871985579,27.660058616194945,-133.5339839988785,-147.29816088635002,-1.2917695938558853,-40.77692714303367,8.136190060821086
2026-04-29,44495.43273812471,43152.76202627621,-1342.6707118485065,0.8275571317974415,0.0003935044617825145,-1202.572121669571,-147.51419404472378,-0.3258405549656528,-1349.5842056330014,6.913493784494904
2026-04-30,43296.1912526878,43964.29242200857,668.1011693207693,249.66452046269754,27.99042053677657,548.7819716734048,-143.11489555423944,-0.11414013221507147,683.2078769864244,-15.106707665655108
2026-05-01,44090.37450291545,42183.80454868058,-1906.5699542348739,-308.05991463277934,47.55616522481308,-1456.15278731871,-145.97038324315815,0.12215985070008907,-1862.5047601191343,-44.06519411573959
2026-05-04,42326.09130909138,41330.6864963954,-995.4048126959824,-418.41457534594343,67.28851267974606,-482.54803215499555,-139.70739765990564,0.7361933316664803,-972.645299149432,-22.75951354655035
2026-05-05,41486.64809008961,40502.86017528742,-983.7879148021966,340.09513050535196,40.686972599343704,-1296.9457981371254,-136.72015998766452,2.988228330418395,-1049.8956266896757,66.10771188747913
2026-05-06,40466.24080148388,40933.9556017351,467.71480025121855,-411.995245025308,46.15354855476449,935.0538554415168,-132.78548792535267,-2.706566959769106,433.7201040858515,33.99469616536703
2026-05-07,41113.53417510451,40650.92177425263,-462.61240085188183,-90.88716037197327,2.689259236421104,-234.65409438687857,-135.2831510080782,-2.368367988644604,-460.5035145191535,-2.108886332728332
2026-05-08,40806.72774231366,41179.306812550436,372.579070236774,222.47845707683575,15.709802928000286,268.9167531715657,-134.30891467443658,3.4694297073540947,376.26552820931926,-3.68645797254527
2026-05-11,41247.5636679024,41055.236055950154,-192.32761195224884,-12.786362358602373,0.05316129770014455,-45.56430655809719,-135.69783431359656,1.9346093912915987,-192.0607325413044,-0.2668794109444548
2026-05-12,41194.14391157789,40191.13310436389,-1003.0108072139992,106.60518010882653,3.622685002616739,-996.563571569324,-135.41818872528205,0.6415375579321698,-1021.1123576252305,18.1015504112313
2026-05-13,40280.16524277602,43765.32122868941,3485.155985913392,-974.919123402227,253.59748475037475,3995.9116980137096,-132.08084943131493,-4.864732420128863,3137.6444775104133,347.51150840297896
2026-05-14,43587.77616956962,44450.769615327394,862.9934457577765,293.5835957356222,50.76636014339679,685.9084875336705,-144.4073048397293,-1.1331996404164801,884.7179389325438,-21.724493174767304
2026-05-15,44614.61971726964,42922.61109907746,-1692.0086181921797,-377.1233682420865,94.65379474620612,-1216.139721678828,-147.9153000470554,2.3008214736938872,-1644.2237737480696,-47.78484444411015
2026-05-18,42941.439074507216,41752.48119232021,-1188.957882187009,44.85531832950633,1.0708294164863643,-1106.0774696205804,-142.12723542665873,-0.46326773805549926,-1202.7418250393018,13.78394285229274
2026-05-19,41884.83803515071,41258.81868493293,-626.019350217779,228.80984124009095,21.994676514398723,-763.6763923606392,-138.17775067534308,-0.1281486070743265,-651.1777738885669,25.158423670787897
2026-05-20,41327.31310628828,43115.113410093945,1787.8003038056631,-906.2921672616862,297.95618561007444,2336.199181201405,-136.11296287370328,0.15105974032493205,1591.9012964164147,195.89900738924848
2026-05-21,42880.77066751979,43083.17443111568,202.40376359588845,-99.96523877717856,5.856331812430124,435.44104933795063,-141.98901779160963,0.30056882391567064,199.64369340550826,2.7600701903801905
2026-05-22,43202.47329383624,43946.65570992075,744.1824160845063,225.83982465191343,33.15920518196341,646.325118188613,-143.2343548006854,1.0461135201332337,763.1359067419377,-18.953490657431416
2026-05-25,44128.56342787771,46316.45616384101,2187.8927359633017,-326.1814312684158,80.8611166854795,2487.340065269182,-146.6079140504833,0.6918513773709002,2096.1036880131333,91.78904795016842
2026-05-26,46163.159951975635,45793.126516193326,-370.0334357823085,-291.882770209562,126.84204108738548,-42.611356161850686,-154.25687892487795,-2.607040429371834,-364.51600463827697,-5.517431144031548
2026-05-27,45525.22885174226,45171.084702948625,-354.14414879363176,231.23337681683714,78.40395482544842,-539.4164636700976,-152.04105199004889,7.955639095201574,-373.8645449226594,19.72039612902762
2026-05-28,45450.84748848072,45418.26398068562,-32.583507795105106,-31.371500228458718,1.2775538596538834,144.52996144851272,-151.83136133096664,4.978027086154164,-32.417319165104594,-0.1661886300005122
2026-05-29,45542.10905964931,44509.541057945986,-1032.5680017033228,-81.56157602262901,9.30778207447828,-796.5315174718733,-152.3355324925677,-3.035606489349101,-1024.1564504019407,-8.411551301382133
2026-06-01,44588.71849958625,43186.82094121652,-1401.8975583697247,136.22204196996637,20.463883108625115,-1450.3804646283947,-148.79803815165906,-1.1023580556256758,-1443.594935757088,41.697377387363304
2026-06-02,43360.802635951135,43289.58307842801,-71.21955752312351,-324.7918302632091,79.74389238578038,318.12229736703785,-144.18640144300343,-3.5404600312188017,-74.65250198461308,3.432944461489569
2026-06-03,43243.40979551553,42728.52095363621,-514.8888418793213,156.3111253556241,19.41419947208859,-563.1919029808153,-143.6978096767467,2.3969883979192113,-528.76739943193,13.878557552608754
2026-06-04,42892.67427328431,41502.46511942718,-1390.209153857133,53.60134589616438,2.0317129327127508,-1320.544359220586,-142.46995532382,1.429881179409525,-1405.9513745361194,15.742220678986314
2026-06-05,41640.77752387966,41919.370470009424,278.59294612976373,-225.87036652612494,27.3238807641111,603.5892147066381,-137.9768303608661,0.003613159320002701,267.06951174307824,11.523434386685494
2026-06-08,42004.84179928631,42899.2193793499,894.3775800635922,-35.482440547532754,0.7728121705505839,1067.1557326124746,-139.38288518246935,-0.1460474457825457,892.9171716072404,1.460408456351729
2026-06-09,43031.88333866284,43414.8400467867,382.9567081238638,-272.6606198303877,58.2829426673687,721.9178934209837,-143.1318742850378,-0.6011399734585682,363.80720199946825,19.149506124395543
2026-06-10,43381.7154922149,43034.937123414005,-346.7783688008931,-29.74843397535278,0.8317453169756086,-171.83833416837933,-144.50268275467482,-0.7071475114914999,-345.9648530929228,-0.8135157079702822
2026-06-11,43164.78912391301,43781.66779853914,616.8786746261321,-40.39586325933775,1.46141662815314,800.604672753752,-143.69355755681144,-1.8157018058161567,616.1609667599397,0.717707866192427
2026-06-12,43904.070263674555,43278.78471234065,-625.2855513339091,-117.38575122294081,15.004379091283957,-376.65479707166855,-146.34215920394172,5.410372702862998,-619.9679557044042,-5.317595629504922
2026-06-15,43340.4889022436,42140.78065064392,-1199.7082515996735,64.43961327243072,4.261173145105232,-1141.4095851857144,-144.52803871736805,-0.748471767520156,-1217.9853092530666,18.277057653393058
2026-06-16,42299.36004071569,39921.94834342005,-2377.41169729564,-273.4290230885461,57.06261360798245,-1959.8190629290932,-140.65323516422654,0.8518197516438739,-2315.98688782224,-61.42480947339982
2026-06-17,40004.739717482335,40503.836935077794,499.09721759545937,-132.16051986252077,8.748716118684584,746.177951357622,-132.44936242953287,-0.07755983150310172,490.23922535274977,8.8579922427096
2026-06-18,40620.17872745283,39558.52066145531,-1061.6580659975225,-184.61495365554572,20.329928577860848,-744.8041216637525,-134.79000630569863,-1.1174905357155056,-1044.9966435828514,-16.66142241467105
2026-06-19,39677.38839458958,40959.14545636097,1281.7570617713936,13.466153936566608,0.08999229700461212,1403.1282310003764,-131.25273074406684,-0.0532043303883972,1285.3784421594926,-3.6213803880989417
2026-06-22,41097.95264995241,42519.50298061003,1421.550330657621,-181.9483261965478,22.564392534190617,1689.4160996416322,-136.44960131182717,-1.549276487320769,1392.0332881801269,29.517042477494215
2026-06-23,42560.531023985815,42261.82497625647,-298.70604772934894,-493.0672212663048,248.30258850468167,98.98292095863309,-141.74419344133565,-7.1084250968891824,-294.6343303412149,-4.071717388134061
2026-06-24,41880.66341279953,40801.76417059636,-1078.899242203166,-72.67123186625778,5.346074130058059,-866.6458048864308,-139.24354851334473,0.7886493252978526,-1072.4258618106774,-6.473380392488707
2026-06-25,40905.59377441118,39565.24038383087,-1340.3533905803124,41.264774401061416,1.387015999403797,-1262.3193132036843,-135.7456340657589,-0.06798138910896463,-1355.481138258087,15.12774767777455
2026-06-26,39699.66617207797,38158.6329371813,-1541.0332348966695,181.6584449588221,19.83268398937747,-1665.5824514529459,-131.32789797584232,0.03106673367783474,-1595.3881537469108,54.35491885024135
2026-06-29,38231.01395889148,39482.54527565416,1251.531316762681,-266.6243930942612,29.705604307614113,1572.7210453317211,-125.94181793004452,0.18238321374364466,1210.0428218287732,41.48849493390776
2026-06-30,39569.22317505689,39227.64457216581,-341.57860289108066,-61.51487218335983,2.225765753890556,-148.77976857299936,-130.85497478060793,-0.813708103419389,-339.73755788649595,-1.8410450045847142
2026-07-01,39353.4593000735,38228.97344368213,-1124.4858563913658,201.74147187293195,22.647708422751883,-1264.7185470933703,-129.95092001992424,-0.2951787061651255,-1170.5754655237758,46.08960913241003
2026-07-02,38297.73133684169,38075.08251777794,-222.6488190637465,-177.93677878522624,13.199606960486927,68.76444448901286,-125.97504983518141,0.16203310920433203,-221.7857440617035,-0.86307500204299
2026-07-03,38212.09001238528,38069.616105154084,-142.47390723119315,212.84322811949858,19.18944224102854,-258.2654050108263,-125.70114811990179,0.06526454494343154,-151.8686182252576,9.39471099406444
2026-07-06,38138.9776552375,37969.49175298892,-169.48590224857617,132.8474139293944,7.05023344730196,-186.60183137371004,-125.37140845452318,-1.0492327813069573,-173.12482523284382,3.6389229842676514
2026-07-07,38062.674279935134,37383.69074731503,-678.9835326201064,274.9898615899386,29.34587912058802,-896.4684419622648,-125.1368574470793,0.5398783141037246,-716.7296803847138,37.74614776460737
2026-07-08,37390.64461510943,37374.584882511546,-16.05973259788152,-150.48308459245408,7.2978245133198785,249.65046242272012,-122.61308132408746,-2.9947929069196286,-19.14267188742116,3.082939289539638
2026-07-09,37527.578861208254,36797.1492060818,-730.429655126456,147.81583841217514,7.5262861899783315,-778.0715677316475,-123.24886254272066,-1.5672816449634759,-747.5455873171782,17.115932190722106
2026-07-10,36858.53619565373,36950.46593042139,91.92973476766201,-214.19529479053844,13.72112761405826,407.003866583324,-120.87744561888267,0.36644058401710555,86.01869437197823,5.911040395683784
2026-07-13,37117.830143527775,37153.46547577754,35.63533224976709,660.613033544819,141.2661647957265,-698.8478410033055,-121.84298885348805,-1.7625022284190357,-20.574133744667062,56.209465994434154
2026-07-14,36886.895095295156,36906.98601642673,20.09092113157385,249.86008053480577,17.654282323027946,-125.11030297554649,-120.93164068620976,-4.70987161593438,16.762547580143075,3.3283735514307757
2026-07-15,36921.552377914115,34402.87331084003,-2518.6790670740884,648.2558172694715,117.66269322010858,-3491.5377026697033,-121.1318866096071,-0.3536843004731367,-2847.1047630902035,328.4256960161151
2026-07-16,33848.4882175412,32474.116842272095,-1374.3713752691037,-369.7932139291442,20.966402220637942,-879.4822090118216,-110.13520719417163,-8.151278457263048,-1346.5955063717627,-27.77586889734107
2026-07-17,32811.10341452601,32108.837538407228,-702.265876118785,345.1220787487382,16.11296985574336,-1008.6715811803474,-106.63148822889931,5.494252532043011,-748.5737682727222,46.307892153937246
2026-07-20,31939.55832926195,31391.132146611526,-548.4261826504226,495.3064724319025,28.070328751979787,-1033.5169421865917,-103.5542431894357,2.5053492720764203,-611.1890349200688,62.76285226964626
2026-07-21,31073.345617062965,30968.894181185835,-104.45143587713028,-276.08110957072756,7.387329154193332,275.2309788893689,-100.56145989639374,-17.031999311634994,-111.0562607351941,6.604824858063822
2026-07-22,31251.34563775039,30008.560022694044,-1242.7856150563457,-1652.8217841268963,280.20800404466024,193.22143109846266,-101.26283824437235,5.138972419155983,-1275.5162148089896,32.73059975264391
2026-07-23,30944.790595021594,32524.10593151705,1579.315336495456,1606.4562499050498,276.0928598729157,-250.99651662072958,-100.27432879646601,8.624625786449482,1539.9028901472193,39.4124463482367
2026-07-24,31198.13736756739,33562.14609691283,2364.0087293454417,726.6296035938324,53.10366095278562,1787.152988381622,-101.00790515486061,2.670300047732816,2468.5486478211124,-104.53991847567067
2026-07-27,33232.91801346571,33918.702945377714,685.7849319120069,-947.6226386374601,118.41093601061885,1501.308667060487,-107.9343529018361,-1.8240374969023494,562.3385740349073,123.44635787709956
2026-07-28,34369.31315745172,34859.126332012806,489.8131745610881,-757.0460800682006,97.29968583797695,1184.5418980878512,-112.00679105470755,-3.020986389725122,409.76772641319496,80.04544814789313
2026-07-29,35201.078034473845,34519.9619932824,-681.1160411914461,252.59714087161828,13.397251496033867,-877.9627161534072,-115.07500452831363,10.618029734399565,-716.4252985796692,35.309257388223045
2026-07-30,34468.61763047159,32855.19653544233,-1613.4210950292618,-375.69843935488956,24.950621472813772,-1115.493225298733,-112.29071369806698,1.2087035039083167,-1577.3230533749677,-36.09804165429409
2026-07-31,33188.8154850924,33988.088358199115,799.2728731067182,-774.0091224134683,88.63118735339602,1490.4134537417967,-107.83595142807523,0.5935914003533872,697.7931586540027,101.47971445271548
2026-08-03,34359.018102947135,33646.459892007464,-712.558210939671,-400.86878773519715,30.704636937230553,-218.8528252818404,-112.01886786627172,-1.7055546989460313,-702.7413986450248,-9.816812294646184
2026-08-04,33942.77762135688,33720.21285938796,-222.5647619689189,328.1053826535499,19.994628878436245,-470.3191887399631,-110.62493465509792,-7.498447683770289,-240.3425595468452,17.777797577926293
2026-08-05,33619.72919717044,33895.345940482686,275.6167433122464,601.4444903677577,62.534437695101396,-296.21779253855624,-109.53813092743636,-3.470837136243326,254.7521674606231,20.8645758516233
2026-08-06,33589.85008650273,33342.78487697544,-247.06520952728897,266.18902364758964,11.625125685646797,-436.6220207513408,-109.4023833259918,4.578181561072784,-263.6320731830234,16.566863655734437
2026-08-07,33273.591147705236,33214.2601380442,-59.33100966103666,1322.9597060957028,264.8263807149259,-1823.1573982926407,-108.21994039539834,2.952137108211255,-340.6391147691991,281.30810510816247
2026-08-10,31983.02984826333,32132.224873810264,149.19502554693463,824.1748308983153,75.5329231689805,-718.3987994036272,-103.61661723070094,3.891078996011983,81.58341642897965,67.61160911795498
2026-08-11,31535.09946949539,31910.568926242635,375.4694567472434,-713.3671628458876,50.108751533780755,1074.416973292639,-102.02399051201238,1.921419246349803,311.05599071486967,64.41346603237372
2026-08-12,32396.150743238097,32057.8462485496,-338.3044946884984,639.8793152703288,47.80808392048835,-980.7134882582037,-104.98904229660647,-9.50396819750155,-407.5190995614946,69.21460487299623
2026-08-13,31620.679533650877,31047.119090074644,-573.5604435762325,-699.1619098847736,49.17397327478527,170.64701540899193,-102.36251887858886,1.038511858003756,-580.6649282215816,7.104484645349089
2026-08-14,31579.2935952085,32662.116142999694,1082.8225477911947,-267.45078328015506,7.429357732069652,1401.0918125464552,-102.25064720376697,12.125263748805516,1050.9450035434086,31.87754424778609
